 Baseball (4,345,024),2022,https://www.sportscardchecklist.com/sport-baseball/year-2022/trading-card-checklists-and-product-information Baseball (4,345,024),2021,https://www.sportscardchecklist.com/sport-baseball/year-2021/trading-card-checklists-and-product-information Baseball (4,345,024),2020,https://www.sportscardchecklist.com/sport-baseball/year-2020/trading-card-checklists-and-product-information Baseball (4,345,024),2019,https://www.sportscardchecklist.com/sport-baseball/year-2019/trading-card-checklists-and-product-information Baseball (4,345,024),2018-19,https://www.sportscardchecklist.com/sport-baseball/year-2018-19/trading-card-checklists-and-product-information Baseball (4,345,024),2018,https://www.sportscardchecklist.com/sport-baseball/year-2018/trading-card-checklists-and-product-information Baseball (4,345,024),2017,https://www.sportscardchecklist.com/sport-baseball/year-2017/trading-card-checklists-and-product-information Baseball (4,345,024),2016,https://www.sportscardchecklist.com/sport-baseball/year-2016/trading-card-checklists-and-product-information Baseball (4,345,024),2015,https://www.sportscardchecklist.com/sport-baseball/year-2015/trading-card-checklists-and-product-information Baseball (4,345,024),2014,https://www.sportscardchecklist.com/sport-baseball/year-2014/trading-card-checklists-and-product-information Baseball (4,345,024),2013,https://www.sportscardchecklist.com/sport-baseball/year-2013/trading-card-checklists-and-product-information Baseball (4,345,024),2012,https://www.sportscardchecklist.com/sport-baseball/year-2012/trading-card-checklists-and-product-information Baseball (4,345,024),2011-12,https://www.sportscardchecklist.com/sport-baseball/year-2011-12/trading-card-checklists-and-product-information Baseball (4,345,024),2011,https://www.sportscardchecklist.com/sport-baseball/year-2011/trading-card-checklists-and-product-information Baseball (4,345,024),2010,https://www.sportscardchecklist.com/sport-baseball/year-2010/trading-card-checklists-and-product-information Baseball (4,345,024),2009+,https://www.sportscardchecklist.com/sport-baseball/year-2009+/trading-card-checklists-and-product-information Baseball (4,345,024),2009,https://www.sportscardchecklist.com/sport-baseball/year-2009/trading-card-checklists-and-product-information Baseball (4,345,024),2008-09,https://www.sportscardchecklist.com/sport-baseball/year-2008-09/trading-card-checklists-and-product-information Baseball (4,345,024),2008,https://www.sportscardchecklist.com/sport-baseball/year-2008/trading-card-checklists-and-product-information Baseball (4,345,024),2007,https://www.sportscardchecklist.com/sport-baseball/year-2007/trading-card-checklists-and-product-information Baseball (4,345,024),2006,https://www.sportscardchecklist.com/sport-baseball/year-2006/trading-card-checklists-and-product-information Baseball (4,345,024),2005,https://www.sportscardchecklist.com/sport-baseball/year-2005/trading-card-checklists-and-product-information Baseball (4,345,024),2004,https://www.sportscardchecklist.com/sport-baseball/year-2004/trading-card-checklists-and-product-information Baseball (4,345,024),2003,https://www.sportscardchecklist.com/sport-baseball/year-2003/trading-card-checklists-and-product-informationBaseball (4,345,024),2022,https://www.sportscardchecklist.com/sport-baseball/year-2022/trading-card-checklists-and-product-information
Baseball (4,345,024),2021,https://www.sportscardchecklist.com/sport-baseball/year-2021/trading-card-checklists-and-product-information
Baseball (4,345,024),2020,https://www.sportscardchecklist.com/sport-baseball/year-2020/trading-card-checklists-and-product-information
Baseball (4,345,024),2019,https://www.sportscardchecklist.com/sport-baseball/year-2019/trading-card-checklists-and-product-information
Baseball (4,345,024),2018-19,https://www.sportscardchecklist.com/sport-baseball/year-2018-19/trading-card-checklists-and-product-information
Baseball (4,345,024),2018,https://www.sportscardchecklist.com/sport-baseball/year-2018/trading-card-checklists-and-product-information
Baseball (4,345,024),2017,https://www.sportscardchecklist.com/sport-baseball/year-2017/trading-card-checklists-and-product-information
Baseball (4,345,024),2016,https://www.sportscardchecklist.com/sport-baseball/year-2016/trading-card-checklists-and-product-information
Baseball (4,345,024),2015,https://www.sportscardchecklist.com/sport-baseball/year-2015/trading-card-checklists-and-product-information
Baseball (4,345,024),2014,https://www.sportscardchecklist.com/sport-baseball/year-2014/trading-card-checklists-and-product-information
Baseball (4,345,024),2013,https://www.sportscardchecklist.com/sport-baseball/year-2013/trading-card-checklists-and-product-information
Baseball (4,345,024),2012,https://www.sportscardchecklist.com/sport-baseball/year-2012/trading-card-checklists-and-product-information
Baseball (4,345,024),2011-12,https://www.sportscardchecklist.com/sport-baseball/year-2011-12/trading-card-checklists-and-product-information
Baseball (4,345,024),2011,https://www.sportscardchecklist.com/sport-baseball/year-2011/trading-card-checklists-and-product-information
Baseball (4,345,024),2010,https://www.sportscardchecklist.com/sport-baseball/year-2010/trading-card-checklists-and-product-information
Baseball (4,345,024),2009+,https://www.sportscardchecklist.com/sport-baseball/year-2009+/trading-card-checklists-and-product-information
Baseball (4,345,024),2009,https://www.sportscardchecklist.com/sport-baseball/year-2009/trading-card-checklists-and-product-information
Baseball (4,345,024),2008-09,https://www.sportscardchecklist.com/sport-baseball/year-2008-09/trading-card-checklists-and-product-information
Baseball (4,345,024),2008,https://www.sportscardchecklist.com/sport-baseball/year-2008/trading-card-checklists-and-product-information
Baseball (4,345,024),2007,https://www.sportscardchecklist.com/sport-baseball/year-2007/trading-card-checklists-and-product-information
Baseball (4,345,024),2006,https://www.sportscardchecklist.com/sport-baseball/year-2006/trading-card-checklists-and-product-information
Baseball (4,345,024),2005,https://www.sportscardchecklist.com/sport-baseball/year-2005/trading-card-checklists-and-product-information
Baseball (4,345,024),2004,https://www.sportscardchecklist.com/sport-baseball/year-2004/trading-card-checklists-and-product-information
Baseball (4,345,024),2003,https://www.sportscardchecklist.com/sport-baseball/year-2003/trading-card-checklists-and-product-information
Baseball (4,345,024),2002,https://www.sportscardchecklist.com/sport-baseball/year-2002/trading-card-checklists-and-product-information
Baseball (4,345,024),2001,https://www.sportscardchecklist.com/sport-baseball/year-2001/trading-card-checklists-and-product-information
Baseball (4,345,024),2000,https://www.sportscardchecklist.com/sport-baseball/year-2000/trading-card-checklists-and-product-information
Baseball (4,345,024),1999-00,https://www.sportscardchecklist.com/sport-baseball/year-1999-00/trading-card-checklists-and-product-information
Baseball (4,345,024),1999,https://www.sportscardchecklist.com/sport-baseball/year-1999/trading-card-checklists-and-product-information
Baseball (4,345,024),1998,https://www.sportscardchecklist.com/sport-baseball/year-1998/trading-card-checklists-and-product-information
Baseball (4,345,024),1997,https://www.sportscardchecklist.com/sport-baseball/year-1997/trading-card-checklists-and-product-information
Baseball (4,345,024),1996-03,https://www.sportscardchecklist.com/sport-baseball/year-1996-03/trading-card-checklists-and-product-information
Baseball (4,345,024),1996,https://www.sportscardchecklist.com/sport-baseball/year-1996/trading-card-checklists-and-product-information
Baseball (4,345,024),1995,https://www.sportscardchecklist.com/sport-baseball/year-1995/trading-card-checklists-and-product-information
Baseball (4,345,024),1994,https://www.sportscardchecklist.com/sport-baseball/year-1994/trading-card-checklists-and-product-information
Baseball (4,345,024),1993,https://www.sportscardchecklist.com/sport-baseball/year-1993/trading-card-checklists-and-product-information
Baseball (4,345,024),1992,https://www.sportscardchecklist.com/sport-baseball/year-1992/trading-card-checklists-and-product-information
Baseball (4,345,024),1991,https://www.sportscardchecklist.com/sport-baseball/year-1991/trading-card-checklists-and-product-information
Baseball (4,345,024),1990,https://www.sportscardchecklist.com/sport-baseball/year-1990/trading-card-checklists-and-product-information
Baseball (4,345,024),199,https://www.sportscardchecklist.com/sport-baseball/year-199/trading-card-checklists-and-product-information
Baseball (4,345,024),1989,https://www.sportscardchecklist.com/sport-baseball/year-1989/trading-card-checklists-and-product-information
Baseball (4,345,024),1988,https://www.sportscardchecklist.com/sport-baseball/year-1988/trading-card-checklists-and-product-information
Baseball (4,345,024),1987,https://www.sportscardchecklist.com/sport-baseball/year-1987/trading-card-checklists-and-product-information
Baseball (4,345,024),1986,https://www.sportscardchecklist.com/sport-baseball/year-1986/trading-card-checklists-and-product-information
Baseball (4,345,024),1985,https://www.sportscardchecklist.com/sport-baseball/year-1985/trading-card-checklists-and-product-information
